timestamp,open,high,low,close,volume,available_at,is_closed,session_open
2025-01-06T21:00:00+00:00,100.1,100.9,99.2,100.0,1000000,2025-01-06T21:00:00+00:00,true,2025-01-06T14:30:00+00:00
2025-01-07T21:00:00+00:00,100.1,101.1242,99.3,100.3242,1000000,2025-01-07T21:00:00+00:00,true,2025-01-07T14:30:00+00:00
2025-01-08T21:00:00+00:00,100.4242,101.4438,99.6242,100.6438,1000000,2025-01-08T21:00:00+00:00,true,2025-01-08T14:30:00+00:00
2025-01-09T21:00:00+00:00,100.7438,101.7545,99.9438,100.9545,1000000,2025-01-09T21:00:00+00:00,true,2025-01-09T14:30:00+00:00
2025-01-10T21:00:00+00:00,101.0545,102.0524,100.2545,101.2524,1000000,2025-01-10T21:00:00+00:00,true,2025-01-10T14:30:00+00:00
2025-01-13T21:00:00+00:00,101.3524,102.3347,100.5524,101.5347,1000000,2025-01-13T21:00:00+00:00,true,2025-01-13T14:30:00+00:00
2025-01-14T21:00:00+00:00,101.6347,102.5992,100.8347,101.7992,1000000,2025-01-14T21:00:00+00:00,true,2025-01-14T14:30:00+00:00
2025-01-15T21:00:00+00:00,101.8992,102.8452,101.0992,102.0452,1000000,2025-01-15T21:00:00+00:00,true,2025-01-15T14:30:00+00:00
2025-01-16T21:00:00+00:00,102.1452,103.0728,101.3452,102.2728,1000000,2025-01-16T21:00:00+00:00,true,2025-01-16T14:30:00+00:00
2025-01-17T21:00:00+00:00,102.3728,103.2834,101.5728,102.4834,1000000,2025-01-17T21:00:00+00:00,true,2025-01-17T14:30:00+00:00
2025-01-20T21:00:00+00:00,102.5834,103.4795,101.7834,102.6795,1000000,2025-01-20T21:00:00+00:00,true,2025-01-20T14:30:00+00:00
2025-01-21T21:00:00+00:00,102.7795,103.6645,101.9795,102.8645,1000000,2025-01-21T21:00:00+00:00,true,2025-01-21T14:30:00+00:00
2025-01-22T21:00:00+00:00,102.9645,103.8423,102.1645,103.0423,1000000,2025-01-22T21:00:00+00:00,true,2025-01-22T14:30:00+00:00
2025-01-23T21:00:00+00:00,103.1423,104.0175,102.3423,103.2175,1000000,2025-01-23T21:00:00+00:00,true,2025-01-23T14:30:00+00:00
2025-01-24T21:00:00+00:00,103.3175,104.1948,102.5175,103.3948,1000000,2025-01-24T21:00:00+00:00,true,2025-01-24T14:30:00+00:00
2025-01-27T21:00:00+00:00,103.4948,104.3785,102.6948,103.5785,1000000,2025-01-27T21:00:00+00:00,true,2025-01-27T14:30:00+00:00
2025-01-28T21:00:00+00:00,103.6785,104.573,102.8785,103.773,1000000,2025-01-28T21:00:00+00:00,true,2025-01-28T14:30:00+00:00
2025-01-29T21:00:00+00:00,103.873,104.7815,103.073,103.9815,1000000,2025-01-29T21:00:00+00:00,true,2025-01-29T14:30:00+00:00
2025-01-30T21:00:00+00:00,104.0815,105.0067,103.2815,104.2067,1000000,2025-01-30T21:00:00+00:00,true,2025-01-30T14:30:00+00:00
2025-01-31T21:00:00+00:00,104.3067,105.2502,103.5067,104.4502,1000000,2025-01-31T21:00:00+00:00,true,2025-01-31T14:30:00+00:00
2025-02-03T21:00:00+00:00,104.5502,105.5123,103.7502,104.7123,1000000,2025-02-03T21:00:00+00:00,true,2025-02-03T14:30:00+00:00
2025-02-04T21:00:00+00:00,104.8123,105.7923,104.0123,104.9923,1000000,2025-02-04T21:00:00+00:00,true,2025-02-04T14:30:00+00:00
2025-02-05T21:00:00+00:00,105.0923,106.0883,104.2923,105.2883,1000000,2025-02-05T21:00:00+00:00,true,2025-02-05T14:30:00+00:00
2025-02-06T21:00:00+00:00,105.3883,106.3975,104.5883,105.5975,1000000,2025-02-06T21:00:00+00:00,true,2025-02-06T14:30:00+00:00
2025-02-07T21:00:00+00:00,105.6975,106.7162,104.8975,105.9162,1000000,2025-02-07T21:00:00+00:00,true,2025-02-07T14:30:00+00:00
2025-02-10T21:00:00+00:00,106.0162,107.04,105.2162,106.24,1000000,2025-02-10T21:00:00+00:00,true,2025-02-10T14:30:00+00:00
2025-02-11T21:00:00+00:00,106.34,107.3645,105.54,106.5645,1000000,2025-02-11T21:00:00+00:00,true,2025-02-11T14:30:00+00:00
2025-02-12T21:00:00+00:00,106.6645,107.685,105.8645,106.885,1000000,2025-02-12T21:00:00+00:00,true,2025-02-12T14:30:00+00:00
2025-02-13T21:00:00+00:00,106.985,107.9971,106.185,107.1971,1000000,2025-02-13T21:00:00+00:00,true,2025-02-13T14:30:00+00:00
2025-02-14T21:00:00+00:00,107.2971,108.2969,106.4971,107.4969,1000000,2025-02-14T21:00:00+00:00,true,2025-02-14T14:30:00+00:00
2025-02-17T21:00:00+00:00,107.5969,108.5814,106.7969,107.7814,1000000,2025-02-17T21:00:00+00:00,true,2025-02-17T14:30:00+00:00
2025-02-18T21:00:00+00:00,107.8814,108.8484,107.0814,108.0484,1000000,2025-02-18T21:00:00+00:00,true,2025-02-18T14:30:00+00:00
2025-02-19T21:00:00+00:00,108.1484,109.0968,107.3484,108.2968,1000000,2025-02-19T21:00:00+00:00,true,2025-02-19T14:30:00+00:00
2025-02-20T21:00:00+00:00,108.3968,109.3268,107.5968,108.5268,1000000,2025-02-20T21:00:00+00:00,true,2025-02-20T14:30:00+00:00
2025-02-21T21:00:00+00:00,108.6268,109.5395,107.8268,108.7395,1000000,2025-02-21T21:00:00+00:00,true,2025-02-21T14:30:00+00:00
2025-02-24T21:00:00+00:00,108.8395,109.7374,108.0395,108.9374,1000000,2025-02-24T21:00:00+00:00,true,2025-02-24T14:30:00+00:00
2025-02-25T21:00:00+00:00,109.0374,109.9236,108.2374,109.1236,1000000,2025-02-25T21:00:00+00:00,true,2025-02-25T14:30:00+00:00
2025-02-26T21:00:00+00:00,109.2236,110.1022,108.4236,109.3022,1000000,2025-02-26T21:00:00+00:00,true,2025-02-26T14:30:00+00:00
2025-02-27T21:00:00+00:00,109.4022,110.2775,108.6022,109.4775,1000000,2025-02-27T21:00:00+00:00,true,2025-02-27T14:30:00+00:00
2025-02-28T21:00:00+00:00,109.5775,110.4541,108.7775,109.6541,1000000,2025-02-28T21:00:00+00:00,true,2025-02-28T14:30:00+00:00
2025-03-03T21:00:00+00:00,109.7541,110.6368,108.9541,109.8368,1000000,2025-03-03T21:00:00+00:00,true,2025-03-03T14:30:00+00:00
2025-03-04T21:00:00+00:00,109.9368,110.8296,109.1368,110.0296,1000000,2025-03-04T21:00:00+00:00,true,2025-03-04T14:30:00+00:00
2025-03-05T21:00:00+00:00,110.1296,111.0361,109.3296,110.2361,1000000,2025-03-05T21:00:00+00:00,true,2025-03-05T14:30:00+00:00
2025-03-06T21:00:00+00:00,110.3361,111.259,109.5361,110.459,1000000,2025-03-06T21:00:00+00:00,true,2025-03-06T14:30:00+00:00
2025-03-07T21:00:00+00:00,110.559,111.5,109.759,110.7,1000000,2025-03-07T21:00:00+00:00,true,2025-03-07T14:30:00+00:00
2025-03-10T20:00:00+00:00,110.8,111.7597,110.0,110.9597,1000000,2025-03-10T20:00:00+00:00,true,2025-03-10T13:30:00+00:00
2025-03-11T20:00:00+00:00,111.0597,112.0374,110.2597,111.2374,1000000,2025-03-11T20:00:00+00:00,true,2025-03-11T13:30:00+00:00
2025-03-12T20:00:00+00:00,111.3374,112.3314,110.5374,111.5314,1000000,2025-03-12T20:00:00+00:00,true,2025-03-12T13:30:00+00:00
2025-03-13T20:00:00+00:00,111.6314,112.639,110.8314,111.839,1000000,2025-03-13T20:00:00+00:00,true,2025-03-13T13:30:00+00:00
2025-03-14T20:00:00+00:00,111.939,112.9567,111.139,112.1567,1000000,2025-03-14T20:00:00+00:00,true,2025-03-14T13:30:00+00:00
2025-03-17T20:00:00+00:00,112.2567,113.2801,111.4567,112.4801,1000000,2025-03-17T20:00:00+00:00,true,2025-03-17T13:30:00+00:00
2025-03-18T20:00:00+00:00,112.5801,113.6048,111.7801,112.8048,1000000,2025-03-18T20:00:00+00:00,true,2025-03-18T13:30:00+00:00
2025-03-19T20:00:00+00:00,112.9048,113.9261,112.1048,113.1261,1000000,2025-03-19T20:00:00+00:00,true,2025-03-19T13:30:00+00:00
2025-03-20T20:00:00+00:00,113.2261,114.2395,112.4261,113.4395,1000000,2025-03-20T20:00:00+00:00,true,2025-03-20T13:30:00+00:00
2025-03-21T20:00:00+00:00,113.5395,114.5411,112.7395,113.7411,1000000,2025-03-21T20:00:00+00:00,true,2025-03-21T13:30:00+00:00
2025-03-24T20:00:00+00:00,113.8411,114.8278,113.0411,114.0278,1000000,2025-03-24T20:00:00+00:00,true,2025-03-24T13:30:00+00:00
2025-03-25T20:00:00+00:00,114.1278,115.0972,113.3278,114.2972,1000000,2025-03-25T20:00:00+00:00,true,2025-03-25T13:30:00+00:00
2025-03-26T20:00:00+00:00,114.3972,115.3481,113.5972,114.5481,1000000,2025-03-26T20:00:00+00:00,true,2025-03-26T13:30:00+00:00
2025-03-27T20:00:00+00:00,114.6481,115.5805,113.8481,114.7805,1000000,2025-03-27T20:00:00+00:00,true,2025-03-27T13:30:00+00:00
2025-03-28T20:00:00+00:00,114.8805,115.7954,114.0805,114.9954,1000000,2025-03-28T20:00:00+00:00,true,2025-03-28T13:30:00+00:00
2025-03-31T20:00:00+00:00,115.0954,115.9951,114.2954,115.1951,1000000,2025-03-31T20:00:00+00:00,true,2025-03-31T13:30:00+00:00
2025-04-01T20:00:00+00:00,115.2951,116.1826,114.4951,115.3826,1000000,2025-04-01T20:00:00+00:00,true,2025-04-01T13:30:00+00:00
2025-04-02T20:00:00+00:00,115.4826,116.3619,114.6826,115.5619,1000000,2025-04-02T20:00:00+00:00,true,2025-04-02T13:30:00+00:00
2025-04-03T20:00:00+00:00,115.6619,116.5374,114.8619,115.7374,1000000,2025-04-03T20:00:00+00:00,true,2025-04-03T13:30:00+00:00
2025-04-04T20:00:00+00:00,115.8374,116.7136,115.0374,115.9136,1000000,2025-04-04T20:00:00+00:00,true,2025-04-04T13:30:00+00:00
2025-04-07T20:00:00+00:00,116.0136,116.8952,115.2136,116.0952,1000000,2025-04-07T20:00:00+00:00,true,2025-04-07T13:30:00+00:00
2025-04-08T20:00:00+00:00,116.1952,117.0865,115.3952,116.2865,1000000,2025-04-08T20:00:00+00:00,true,2025-04-08T13:30:00+00:00
2025-04-09T20:00:00+00:00,116.3865,117.291,115.5865,116.491,1000000,2025-04-09T20:00:00+00:00,true,2025-04-09T13:30:00+00:00
2025-04-10T20:00:00+00:00,116.591,117.5116,115.791,116.7116,1000000,2025-04-10T20:00:00+00:00,true,2025-04-10T13:30:00+00:00
2025-04-11T20:00:00+00:00,116.8116,117.7501,116.0116,116.9501,1000000,2025-04-11T20:00:00+00:00,true,2025-04-11T13:30:00+00:00
2025-04-14T20:00:00+00:00,117.0501,118.0073,116.2501,117.2073,1000000,2025-04-14T20:00:00+00:00,true,2025-04-14T13:30:00+00:00
2025-04-15T20:00:00+00:00,117.3073,118.2827,116.5073,117.4827,1000000,2025-04-15T20:00:00+00:00,true,2025-04-15T13:30:00+00:00
2025-04-16T20:00:00+00:00,117.5827,118.5747,116.7827,117.7747,1000000,2025-04-16T20:00:00+00:00,true,2025-04-16T13:30:00+00:00
2025-04-17T20:00:00+00:00,117.8747,118.8807,117.0747,118.0807,1000000,2025-04-17T20:00:00+00:00,true,2025-04-17T13:30:00+00:00
2025-04-18T20:00:00+00:00,118.1807,119.1973,117.3807,118.3973,1000000,2025-04-18T20:00:00+00:00,true,2025-04-18T13:30:00+00:00
2025-04-21T20:00:00+00:00,118.4973,119.5202,117.6973,118.7202,1000000,2025-04-21T20:00:00+00:00,true,2025-04-21T13:30:00+00:00
2025-04-22T20:00:00+00:00,118.8202,119.845,118.0202,119.045,1000000,2025-04-22T20:00:00+00:00,true,2025-04-22T13:30:00+00:00
2025-04-23T20:00:00+00:00,119.145,120.1669,118.345,119.3669,1000000,2025-04-23T20:00:00+00:00,true,2025-04-23T13:30:00+00:00
2025-04-24T20:00:00+00:00,119.4669,120.4817,118.6669,119.6817,1000000,2025-04-24T20:00:00+00:00,true,2025-04-24T13:30:00+00:00
2025-04-25T20:00:00+00:00,119.7817,120.7851,118.9817,119.9851,1000000,2025-04-25T20:00:00+00:00,true,2025-04-25T13:30:00+00:00
2025-04-28T20:00:00+00:00,120.0851,121.0739,119.2851,120.2739,1000000,2025-04-28T20:00:00+00:00,true,2025-04-28T13:30:00+00:00
2025-04-29T20:00:00+00:00,120.3739,121.3457,119.5739,120.5457,1000000,2025-04-29T20:00:00+00:00,true,2025-04-29T13:30:00+00:00
2025-04-30T20:00:00+00:00,120.6457,121.599,119.8457,120.799,1000000,2025-04-30T20:00:00+00:00,true,2025-04-30T13:30:00+00:00
2025-05-01T20:00:00+00:00,120.899,121.8338,120.099,121.0338,1000000,2025-05-01T20:00:00+00:00,true,2025-05-01T13:30:00+00:00
2025-05-02T20:00:00+00:00,121.1338,122.051,120.3338,121.251,1000000,2025-05-02T20:00:00+00:00,true,2025-05-02T13:30:00+00:00
2025-05-05T20:00:00+00:00,121.351,122.2525,120.551,121.4525,1000000,2025-05-05T20:00:00+00:00,true,2025-05-05T13:30:00+00:00
2025-05-06T20:00:00+00:00,121.5525,122.4415,120.7525,121.6415,1000000,2025-05-06T20:00:00+00:00,true,2025-05-06T13:30:00+00:00
2025-05-07T20:00:00+00:00,121.7415,122.6216,120.9415,121.8216,1000000,2025-05-07T20:00:00+00:00,true,2025-05-07T13:30:00+00:00
2025-05-08T20:00:00+00:00,121.9216,122.7216,119.7,120.5,1000000,2025-05-08T20:00:00+00:00,true,2025-05-08T13:30:00+00:00
2025-05-09T20:00:00+00:00,120.6,121.8,119.8,121,1000000,2025-05-09T20:00:00+00:00,true,2025-05-09T13:30:00+00:00
2025-05-12T20:00:00+00:00,121.1,125.0,120.3,124,1000000,2025-05-12T20:00:00+00:00,true,2025-05-12T13:30:00+00:00
2025-05-13T20:00:00+00:00,124.1,124.9,122.2,123,1000000,2025-05-13T20:00:00+00:00,true,2025-05-13T13:30:00+00:00
2025-05-14T20:00:00+00:00,123.1,123.9,121.2,122,1000000,2025-05-14T20:00:00+00:00,true,2025-05-14T13:30:00+00:00
2025-05-15T20:00:00+00:00,122.1,122.9,120.0,121.5,1000000,2025-05-15T20:00:00+00:00,true,2025-05-15T13:30:00+00:00
2025-05-16T20:00:00+00:00,121.6,122.8,120.8,122,1000000,2025-05-16T20:00:00+00:00,true,2025-05-16T13:30:00+00:00
2025-05-19T20:00:00+00:00,122.1,122.9,120.7,121.5,1000000,2025-05-19T20:00:00+00:00,true,2025-05-19T13:30:00+00:00
2025-05-20T20:00:00+00:00,121.6,122.4,120.2,121,1000000,2025-05-20T20:00:00+00:00,true,2025-05-20T13:30:00+00:00
2025-05-21T20:00:00+00:00,121.1,121.9,119.7,120.5,1000000,2025-05-21T20:00:00+00:00,true,2025-05-21T13:30:00+00:00
2025-05-22T20:00:00+00:00,120.6,121.4,119.2,120,1000000,2025-05-22T20:00:00+00:00,true,2025-05-22T13:30:00+00:00
2025-05-23T20:00:00+00:00,120.1,120.9,118.2,119,3000000,2025-05-23T20:00:00+00:00,true,2025-05-23T13:30:00+00:00
